alpha,seed,target,cost
0.0,AVAL,SMDDR,0.36363636363636365
0.0,AVAL,AVFL,0.8809523809523809
0.0,AVAL,CEPDL,0.7833333333333332
0.0,AVAL,URADL,0.43333333333333335
0.0,AVAL,PVCR,0.0625
0.0,AVAL,ADEL,0.6079545454545454
0.0,AVAL,RIAR,0.37681159420289856
0.0,AVAL,AVDR,0.13852813852813853
0.0,AVAL,AVG,0.5476190476190477
0.0,AVAL,SMBDR,0.4642857142857143
0.0,AVAL,RMGL,0.6176948051948051
0.0,AVAL,AVAR,0.08333333333333333
0.0,AVAL,VC03,0.44345238095238093
0.0,AVAL,HSNL,0.7976190476190477
0.0,AVAL,HSNR,0.7476190476190476
0.0,AVAL,DVA,0.2976190476190476
0.0,AVAL,RIAL,0.3333333333333333
0.0,AVAL,SMDDL,0.3088235294117647
0.0,AVAL,SMDVR,0.3645833333333333
0.0,AVAL,AVAL,0.0
0.0,AVAL,PVCL,0.047619047619047616
0.0,AVAL,SMBVL,0.4976190476190476
0.0,AVAL,RMGR,0.7142857142857142
0.0,AVAL,PVNR,0.44345238095238093
0.0,AVAL,SMBVR,0.38095238095238093
0.0,AVAL,RMDL,0.3717948717948718
0.0,AVAL,RIH,0.6524170274170275
0.0,AVAL,PVNL,0.7886904761904762
0.0,AVAL,PVR,0.6458333333333333
0.0,AVAL,SMDVL,0.4000674081563869
0.0,hyp,SMDDR,inf
0.0,hyp,AVFL,inf
0.0,hyp,CEPDL,inf
0.0,hyp,URADL,inf
0.0,hyp,PVCR,inf
0.0,hyp,ADEL,inf
0.0,hyp,RIAR,inf
0.0,hyp,AVDR,inf
0.0,hyp,AVG,inf
0.0,hyp,SMBDR,inf
0.0,hyp,RMGL,inf
0.0,hyp,AVAR,inf
0.0,hyp,VC03,inf
0.0,hyp,HSNL,inf
0.0,hyp,HSNR,inf
0.0,hyp,DVA,inf
0.0,hyp,RIAL,inf
0.0,hyp,SMDDL,inf
0.0,hyp,SMDVR,inf
0.0,hyp,AVAL,inf
0.0,hyp,PVCL,inf
0.0,hyp,SMBVL,inf
0.0,hyp,RMGR,inf
0.0,hyp,PVNR,inf
0.0,hyp,SMBVR,inf
0.0,hyp,RMDL,inf
0.0,hyp,RIH,inf
0.0,hyp,PVNL,inf
0.0,hyp,PVR,inf
0.0,hyp,SMDVL,inf
0.0,AVAR,SMDDR,0.3214285714285714
0.0,AVAR,AVFL,0.8833333333333333
0.0,AVAR,CEPDL,0.7
0.0,AVAR,URADL,0.35
0.0,AVAR,PVCR,0.05
0.0,AVAR,ADEL,0.5954545454545455
0.0,AVAR,RIAR,0.29691876750700275
0.0,AVAR,AVDR,0.13392857142857142
0.0,AVAR,AVG,0.55
0.0,AVAR,SMBDR,0.4516806722689075
0.0,AVAR,RMGL,0.613095238095238
0.0,AVAR,AVAR,0.0
0.0,AVAR,VC03,0.4309523809523809
0.0,AVAR,HSNL,0.8
0.0,AVAR,HSNR,0.75
0.0,AVAR,DVA,0.3
0.0,AVAR,RIAL,0.3232345569806869
0.0,AVAR,SMDDL,0.22549019607843135
0.0,AVAR,SMDVR,0.28431372549019607
0.0,AVAR,AVAL,0.13942307692307693
0.0,AVAR,PVCL,0.05
0.0,AVAR,SMBVL,0.5
0.0,AVAR,RMGR,0.7166666666666666
0.0,AVAR,PVNR,0.4309523809523809
0.0,AVAR,SMBVR,0.3833333333333333
0.0,AVAR,RMDL,0.3611111111111111
0.0,AVAR,RIH,0.6547979797979798
0.0,AVAR,PVNL,0.7053571428571428
0.0,AVAR,PVR,0.5625
0.0,AVAR,SMDVL,0.3201745814604911
0.0,AVEL,SMDDR,0.42046238785369217
0.0,AVEL,AVFL,0.9397759103641457
0.0,AVEL,CEPDL,0.8388888888888888
0.0,AVEL,URADL,0.49215686274509807
0.0,AVEL,PVCR,0.1213235294117647
0.0,AVEL,ADEL,0.6667780748663101
0.0,AVEL,RIAR,0.4356351236146633
0.0,AVEL,AVDR,0.19735166793990322
0.0,AVEL,AVG,0.6064425770308123
0.0,AVEL,SMBDR,0.523109243697479
0.0,AVEL,RMGL,0.5
0.0,AVEL,AVAR,0.14215686274509803
0.0,AVEL,VC03,0.5022759103641457
0.0,AVEL,HSNL,0.8564425770308123
0.0,AVEL,HSNR,0.8064425770308123
0.0,AVEL,DVA,0.35644257703081234
0.0,AVEL,RIAL,0.39215686274509803
0.0,AVEL,SMDDL,0.36764705882352944
0.0,AVEL,SMDVR,0.42340686274509803
0.0,AVEL,AVAL,0.058823529411764705
0.0,AVEL,PVCL,0.10644257703081232
0.0,AVEL,SMBVL,0.5564425770308123
0.0,AVEL,RMGR,0.7731092436974789
0.0,AVEL,PVNR,0.5022759103641457
0.0,AVEL,SMBVR,0.43977591036414565
0.0,AVEL,RMDL,0.4157004830917874
0.0,AVEL,RIH,0.7112405568287922
0.0,AVEL,PVNL,0.8475140056022409
0.0,AVEL,PVR,0.6268115942028986
0.0,AVEL,SMDVL,0.45889093756815164
0.0,AVDR,SMDDR,0.34065934065934067
0.0,AVDR,AVFL,0.8625
0.0,AVDR,CEPDL,0.7192307692307691
0.0,AVDR,URADL,0.36923076923076925
0.0,AVDR,PVCR,0.06923076923076923
0.0,AVDR,ADEL,0.6146853146853146
0.0,AVDR,RIAR,0.316149536737772
0.0,AVDR,AVDR,0.0
0.0,AVDR,AVG,0.5692307692307692
0.0,AVDR,SMBDR,0.4709114414996768
0.0,AVDR,RMGL,0.47916666666666663
0.0,AVDR,AVAR,0.019230769230769232
0.0,AVDR,VC03,0.45018315018315014
0.0,AVDR,HSNL,0.8192307692307692
0.0,AVDR,HSNR,0.7692307692307692
0.0,AVDR,DVA,0.3192307692307692
0.0,AVDR,RIAL,0.3424653262114562
0.0,AVDR,SMDDL,0.24472096530920062
0.0,AVDR,SMDVR,0.30354449472096534
0.0,AVDR,AVAL,0.024390243902439025
0.0,AVDR,PVCL,0.06923076923076923
0.0,AVDR,SMBVL,0.4601190476190476
0.0,AVDR,RMGR,0.7358974358974358
0.0,AVDR,PVNR,0.45018315018315014
0.0,AVDR,SMBVR,0.4025641025641026
0.0,AVDR,RMDL,0.3803418803418803
0.0,AVDR,RIH,0.6740287490287491
0.0,AVDR,PVNL,0.7245879120879121
0.0,AVDR,PVR,0.5817307692307693
0.0,AVDR,SMDVL,0.3394053506912604
0.0,AVBR,SMDDR,0.3928571428571428
0.0,AVBR,AVFL,0.9547619047619047
0.0,AVBR,CEPDL,0.7714285714285714
0.0,AVBR,URADL,0.4214285714285714
0.0,AVBR,PVCR,0.12142857142857143
0.0,AVBR,ADEL,0.6668831168831169
0.0,AVBR,RIAR,0.36834733893557425
0.0,AVBR,AVDR,0.20535714285714285
0.0,AVBR,AVG,0.6214285714285714
0.0,AVBR,SMBDR,0.5231092436974789
0.0,AVBR,RMGL,0.6845238095238094
0.0,AVBR,AVAR,0.07142857142857142
0.0,AVBR,VC03,0.5023809523809524
0.0,AVBR,HSNL,0.8714285714285714
0.0,AVBR,HSNR,0.8214285714285714
0.0,AVBR,DVA,0.37142857142857144
0.0,AVBR,RIAL,0.39466312840925843
0.0,AVBR,SMDDL,0.2969187675070028
0.0,AVBR,SMDVR,0.3557422969187675
0.0,AVBR,AVAL,0.1
0.0,AVBR,PVCL,0.12142857142857143
0.0,AVBR,SMBVL,0.5714285714285714
0.0,AVBR,RMGR,0.7880952380952381
0.0,AVBR,PVNR,0.5023809523809524
0.0,AVBR,SMBVR,0.45476190476190476
0.0,AVBR,RMDL,0.4325396825396825
0.0,AVBR,RIH,0.7262265512265512
0.0,AVBR,PVNL,0.7767857142857143
0.0,AVBR,PVR,0.6339285714285714
0.0,AVBR,SMDVL,0.3916031528890626
0.0,AVBL,SMDDR,0.3928571428571428
0.0,AVBL,AVFL,0.9547619047619047
0.0,AVBL,CEPDL,0.7714285714285714
0.0,AVBL,URADL,0.4214285714285714
0.0,AVBL,PVCR,0.12142857142857143
0.0,AVBL,ADEL,0.6668831168831169
0.0,AVBL,RIAR,0.36834733893557425
0.0,AVBL,AVDR,0.20535714285714285
0.0,AVBL,AVG,0.6214285714285714
0.0,AVBL,SMBDR,0.5231092436974789
0.0,AVBL,RMGL,0.6845238095238094
0.0,AVBL,AVAR,0.07142857142857142
0.0,AVBL,VC03,0.3333333333333333
0.0,AVBL,HSNL,0.8714285714285714
0.0,AVBL,HSNR,0.8214285714285714
0.0,AVBL,DVA,0.37142857142857144
0.0,AVBL,RIAL,0.39466312840925843
0.0,AVBL,SMDDL,0.2969187675070028
0.0,AVBL,SMDVR,0.3557422969187675
0.0,AVBL,AVAL,0.1111111111111111
0.0,AVBL,PVCL,0.12142857142857143
0.0,AVBL,SMBVL,0.5714285714285714
0.0,AVBL,RMGR,0.7880952380952381
0.0,AVBL,PVNR,0.3333333333333333
0.0,AVBL,SMBVR,0.45476190476190476
0.0,AVBL,RMDL,0.4325396825396825
0.0,AVBL,RIH,0.7262265512265512
0.0,AVBL,PVNL,0.7767857142857143
0.0,AVBL,PVR,0.6339285714285714
0.0,AVBL,SMDVL,0.3916031528890626
0.0,AVER,SMDDR,0.3517316017316017
0.0,AVER,AVFL,0.9136363636363636
0.0,AVER,CEPDL,0.7303030303030302
0.0,AVER,URADL,0.38030303030303025
0.0,AVER,PVCR,0.0803030303030303
0.0,AVER,ADEL,0.6257575757575757
0.0,AVER,RIAR,0.32722179781003313
0.0,AVER,AVDR,0.16423160173160173
0.0,AVER,AVG,0.5803030303030303
0.0,AVER,SMBDR,0.4819837025719378
0.0,AVER,RMGL,0.6433982683982684
0.0,AVER,AVAR,0.030303030303030304
0.0,AVER,VC03,0.46125541125541125
0.0,AVER,HSNL,0.8303030303030303
0.0,AVER,HSNR,0.7803030303030303
0.0,AVER,DVA,0.3303030303030303
0.0,AVER,RIAL,0.3535375872837173
0.0,AVER,SMDDL,0.2557932263814617
0.0,AVER,SMDVR,0.3146167557932264
0.0,AVER,AVAL,0.07142857142857142
0.0,AVER,PVCL,0.0803030303030303
0.0,AVER,SMBVL,0.5303030303030303
0.0,AVER,RMGR,0.746969696969697
0.0,AVER,PVNR,0.46125541125541125
0.0,AVER,SMBVR,0.41363636363636364
0.0,AVER,RMDL,0.3914141414141414
0.0,AVER,RIH,0.6851010101010101
0.0,AVER,PVNL,0.7356601731601732
0.0,AVER,PVR,0.5928030303030303
0.0,AVER,SMDVL,0.3504776117635215
0.0,AVDL,SMDDR,0.3484555984555985
0.0,AVDL,AVFL,0.9079794079794079
0.0,AVDL,CEPDL,0.7270270270270269
0.0,AVDL,URADL,0.37702702702702706
0.0,AVDL,PVCR,0.07702702702702703
0.0,AVDL,ADEL,0.6224815724815724
0.0,AVDL,RIAR,0.32394579453402983
0.0,AVDL,AVDR,0.16095559845559845
0.0,AVDL,AVG,0.5746460746460746
0.0,AVDL,SMBDR,0.4787076992959346
0.0,AVDL,RMGL,0.6401222651222651
0.0,AVDL,AVAR,0.02702702702702703
0.0,AVDL,VC03,0.45797940797940795
0.0,AVDL,HSNL,0.8246460746460746
0.0,AVDL,HSNR,0.7746460746460746
0.0,AVDL,DVA,0.32464607464607464
0.0,AVDL,RIAL,0.350261584007714
0.0,AVDL,SMDDL,0.2525172231054584
0.0,AVDL,SMDVR,0.3113407525172231
0.0,AVDL,AVAL,0.02702702702702703
0.0,AVDL,PVCL,0.07464607464607464
0.0,AVDL,SMBVL,0.5246460746460746
0.0,AVDL,RMGR,0.7413127413127413
0.0,AVDL,PVNR,0.45797940797940795
0.0,AVDL,SMBVR,0.40797940797940796
0.0,AVDL,RMDL,0.38813813813813813
0.0,AVDL,RIH,0.6794440544440544
0.0,AVDL,PVNL,0.7323841698841699
0.0,AVDL,PVR,0.589527027027027
0.0,AVDL,SMDVL,0.3472016084875182
0.0,RIAL,SMDDR,0.030303030303030304
0.0,RIAL,AVFL,0.8666666666666667
0.0,RIAL,CEPDL,0.5208333333333334
0.0,RIAL,URADL,0.4668831168831169
0.0,RIAL,PVCR,0.28799019607843135
0.0,RIAL,ADEL,0.6625000000000001
0.0,RIAL,RIAR,0.043478260869565216
0.0,RIAL,AVDR,0.36401833460656985
0.0,RIAL,AVG,0.7731092436974789
0.0,RIAL,SMBDR,0.14285714285714285
0.0,RIAL,RMGL,0.4958513708513709
0.0,RIAL,AVAR,0.2543706293706294
0.0,RIAL,VC03,0.6048058221971265
0.0,RIAL,HSNL,0.8791666666666667
0.0,RIAL,HSNR,0.8291666666666666
0.0,RIAL,DVA,0.327994227994228
0.0,RIAL,RIAL,0.0
0.0,RIAL,SMDDL,0.045454545454545456
0.0,RIAL,SMDVR,0.03125
0.0,RIAL,AVAL,0.22549019607843135
0.0,RIAL,PVCL,0.27310924369747897
0.0,RIAL,SMBVL,0.26458333333333334
0.0,RIAL,RMGR,0.5717948717948718
0.0,RIAL,PVNR,0.6048058221971265
0.0,RIAL,SMBVR,0.30006740815638694
0.0,RIAL,RMDL,0.038461538461538464
0.0,RIAL,RIH,0.4097222222222222
0.0,RIAL,PVNL,0.8117424242424244
0.0,RIAL,PVR,0.5069444444444444
0.0,RIAL,SMDVL,0.06673407482305359
0.25,AVAL,SMDDR,0.888209284511013
0.25,AVAL,AVFL,1.23505415450381
0.25,AVAL,CEPDL,1.2827129653923783
0.25,AVAL,URADL,1.2055373487900618
0.25,AVAL,PVCR,0.08677338907633964
0.25,AVAL,ADEL,1.1169765939731846
0.25,AVAL,RIAR,0.707659738962478
0.25,AVAL,AVDR,0.3287534881309357
0.25,AVAL,AVG,0.615247326459059
0.25,AVAL,SMBDR,0.5939597483992874
0.25,AVAL,RMGL,0.9861898938014255
0.25,AVAL,AVAR,0.10853055240434026
0.25,AVAL,VC03,0.589083298944372
0.25,AVAL,HSNL,1.1358481679958379
0.25,AVAL,HSNR,1.0909390022605137
0.25,AVAL,DVA,0.3104597526575332
0.25,AVAL,RIAL,0.48583657845378103
0.25,AVAL,SMDDL,0.5933796860655945
0.25,AVAL,SMDVR,0.6448529195291628
0.25,AVAL,AVAL,0.0
0.25,AVAL,PVCL,0.05505158920916036
0.25,AVAL,SMBVL,0.7282123204795525
0.25,AVAL,RMGR,0.8815070537580789
0.25,AVAL,PVNR,0.6291269137781361
0.25,AVAL,SMBVR,0.4237282657894023
0.25,AVAL,RMDL,0.6246579464787226
0.25,AVAL,RIH,1.2851193586807066
0.25,AVAL,PVNL,1.0082495020711701
0.25,AVAL,PVR,0.7345736702302433
0.25,AVAL,SMDVL,0.873506744208479
0.25,hyp,SMDDR,inf
0.25,hyp,AVFL,inf
0.25,hyp,CEPDL,inf
0.25,hyp,URADL,inf
0.25,hyp,PVCR,inf
0.25,hyp,ADEL,inf
0.25,hyp,RIAR,inf
0.25,hyp,AVDR,inf
0.25,hyp,AVG,inf
0.25,hyp,SMBDR,inf
0.25,hyp,RMGL,inf
0.25,hyp,AVAR,inf
0.25,hyp,VC03,inf
0.25,hyp,HSNL,inf
0.25,hyp,HSNR,inf
0.25,hyp,DVA,inf
0.25,hyp,RIAL,inf
0.25,hyp,SMDDL,inf
0.25,hyp,SMDVR,inf
0.25,hyp,AVAL,inf
0.25,hyp,PVCL,inf
0.25,hyp,SMBVL,inf
0.25,hyp,RMGR,inf
0.25,hyp,PVNR,inf
0.25,hyp,SMBVR,inf
0.25,hyp,RMDL,inf
0.25,hyp,RIH,inf
0.25,hyp,PVNL,inf
0.25,hyp,PVR,inf
0.25,hyp,SMDVL,inf
0.25,AVAR,SMDDR,0.9113385805740144
0.25,AVAR,AVFL,1.2476623375561195
0.25,AVAR,CEPDL,1.295321148444688
0.25,AVAR,URADL,1.1526201668412985
0.25,AVAR,PVCR,0.0616720840906467
0.25,AVAR,ADEL,1.0918752889874916
0.25,AVAR,RIAR,0.7202679220147876
0.25,AVAR,AVDR,0.3124253168836414
0.25,AVAR,AVG,0.6278555095113687
0.25,AVAR,SMBDR,0.606567931451597
0.25,AVAR,RMGL,0.9610885888157326
0.25,AVAR,AVAR,0.0
0.25,AVAR,VC03,0.563981993958679
0.25,AVAR,HSNL,1.1484563510481478
0.25,AVAR,HSNR,1.1035471853128231
0.25,AVAR,DVA,0.3230679357098428
0.25,AVAR,RIAL,0.6390099880009784
0.25,AVAR,SMDDL,0.4848491336612543
0.25,AVAR,SMDVR,0.7980263290763601
0.25,AVAR,AVAL,0.15317340954719738
0.25,AVAR,PVCL,0.06765977226147005
0.25,AVAR,SMBVL,0.7408205035318621
0.25,AVAR,RMGR,0.8941152368103886
0.25,AVAR,PVNR,0.6040256087924433
0.25,AVAR,SMBVR,0.43633644884171197
0.25,AVAR,RMDL,0.77783135602592
0.25,AVAR,RIH,1.1765888062763663
0.25,AVAR,PVNL,1.1614229116183674
0.25,AVAR,PVR,0.7471818532825529
0.25,AVAR,SMDVL,0.9421995530148944
0.25,AVEL,SMDDR,1.0035511650348894
0.25,AVEL,AVFL,1.3503960350276865
0.25,AVEL,CEPDL,1.3513253201200266
0.25,AVEL,URADL,1.3208792293139382
0.25,AVEL,PVCR,0.2021152696002161
0.25,AVEL,ADEL,1.232318474497061
0.25,AVEL,RIAR,0.8230016194863545
0.25,AVEL,AVDR,0.44409536865481214
0.25,AVEL,AVG,0.7305892069829355
0.25,AVEL,SMBDR,0.709301628923164
0.25,AVEL,RMGL,0.6739334060652507
0.25,AVEL,AVAR,0.22387243292821674
0.25,AVEL,VC03,0.7044251794682483
0.25,AVEL,HSNL,1.2511900485197145
0.25,AVEL,HSNR,1.20628088278439
0.25,AVEL,DVA,0.4258016331814096
0.25,AVEL,RIAL,0.6011784589776575
0.25,AVEL,SMDDL,0.708721566589471
0.25,AVEL,SMDVR,0.7601948000530392
0.25,AVEL,AVAL,0.11534188052387648
0.25,AVEL,PVCL,0.17039346973303685
0.25,AVEL,SMBVL,0.8435542010034289
0.25,AVEL,RMGR,0.9968489342819554
0.25,AVEL,PVNR,0.7444687943020127
0.25,AVEL,SMBVR,0.5390701463132788
0.25,AVEL,RMDL,0.7399998270025991
0.25,AVEL,RIH,1.400461239204583
0.25,AVEL,PVNL,1.1235913825950465
0.25,AVEL,PVR,0.8499155507541198
0.25,AVEL,SMDVL,0.9888486247323555
0.25,AVDR,SMDDR,1.1037314298967806
0.25,AVDR,AVFL,1.449510731362838
0.25,AVDR,CEPDL,1.4971695422514064
0.25,AVDR,URADL,1.354468560648017
0.25,AVDR,PVCR,0.263520477897365
0.25,AVDR,ADEL,1.29372368279421
0.25,AVDR,RIAR,0.8500911014997592
0.25,AVDR,AVDR,0.0
0.25,AVDR,AVG,0.8297039033180871
0.25,AVDR,SMBDR,0.8084163252583154
0.25,AVDR,RMGL,0.8719549234192691
0.25,AVDR,AVAR,0.2018483938067183
0.25,AVDR,VC03,0.7658303877653972
0.25,AVDR,HSNL,1.3503047448548662
0.25,AVDR,HSNR,1.3053955791195415
0.25,AVDR,DVA,0.5249163295165611
0.25,AVDR,RIAL,0.7092243576138368
0.25,AVDR,SMDDL,0.6866975274679726
0.25,AVDR,SMDVR,0.8682406986892186
0.25,AVDR,AVAL,0.2233877791600558
0.25,AVDR,PVCL,0.26950816606818834
0.25,AVDR,SMBVL,0.9426688973385804
0.25,AVDR,RMGR,1.095963630617107
0.25,AVDR,PVNR,0.8058740025991615
0.25,AVDR,SMBVR,0.6381848426484302
0.25,AVDR,RMDL,0.8480457256387784
0.25,AVDR,RIH,1.2830660723709437
0.25,AVDR,PVNL,1.231637281231226
0.25,AVDR,PVR,0.9490302470892713
0.25,AVDR,SMDVL,0.9895783568993998
0.25,AVBR,SMDDR,1.0289649559109457
0.25,AVBR,AVFL,1.3720525998234325
0.25,AVBR,CEPDL,1.4225862785760768
0.25,AVBR,URADL,1.2798852969726873
0.25,AVBR,PVCR,0.18893721422203538
0.25,AVBR,ADEL,1.2191404191188804
0.25,AVBR,RIAR,0.8475330521461764
0.25,AVBR,AVDR,0.4396904470150301
0.25,AVBR,AVG,0.7551206396427574
0.25,AVBR,SMBDR,0.7338330615829858
0.25,AVBR,RMGL,1.0883537189471213
0.25,AVBR,AVAR,0.12726513013138868
0.25,AVBR,VC03,0.6912471240900677
0.25,AVBR,HSNL,1.2757214811795365
0.25,AVBR,HSNR,0.9517799133732918
0.25,AVBR,DVA,0.45033306584123156
0.25,AVBR,RIAL,0.6265922498537138
0.25,AVBR,SMDDL,0.612114263792643
0.25,AVBR,SMDVR,0.7856085909290955
0.25,AVBR,AVAL,0.14075567139993267
0.25,AVBR,PVCL,0.19492490239285873
0.25,AVBR,SMBVL,0.8680856336632509
0.25,AVBR,RMGR,1.0213803669417774
0.25,AVBR,PVNR,0.7312907389238319
0.25,AVBR,SMBVR,0.5636015789731007
0.25,AVBR,RMDL,0.7654136178786554
0.25,AVBR,RIH,1.303853936407755
0.25,AVBR,PVNL,1.1490051734711029
0.25,AVBR,PVR,0.8744469834139417
0.25,AVBR,SMDVL,1.0142624156084117
0.25,AVBL,SMDDR,1.0147524302920752
0.25,AVBL,AVFL,1.2287090717768676
0.25,AVBL,CEPDL,1.2945042458718794
0.25,AVBL,URADL,1.2560340165593593
0.25,AVBL,PVCR,0.16508593380870729
0.25,AVBL,ADEL,1.1952891387055522
0.25,AVBL,RIAR,0.8236817717328483
0.25,AVBL,AVDR,0.415839166601702
0.25,AVBL,AVG,0.7312693592294293
0.25,AVBL,SMBDR,0.7099817811696577
0.25,AVBL,RMGL,1.0645024385337931
0.25,AVBL,AVAR,0.1034138497180606
0.25,AVBL,VC03,0.44082096380319025
0.25,AVBL,HSNL,1.2518702007662084
0.25,AVBL,HSNR,1.1013031563930396
0.25,AVBL,DVA,0.42648178542790344
0.25,AVBL,RIAL,0.6144653470602676
0.25,AVBL,SMDDL,0.5882629833793149
0.25,AVBL,SMDVR,0.7734816881356492
0.25,AVBL,AVAL,0.12862876860648656
0.25,AVBL,PVCL,0.17107362197953063
0.25,AVBL,SMBVL,0.8442343532499228
0.25,AVBL,RMGR,0.9975290865284492
0.25,AVBL,PVNR,0.48086457863695453
0.25,AVBL,SMBVR,0.5397502985597726
0.25,AVBL,RMDL,0.7532867150852092
0.25,AVBL,RIH,1.2800026559944269
0.25,AVBL,PVNL,1.1368782706776568
0.25,AVBL,PVR,0.8505957030006136
0.25,AVBL,SMDVL,1.0021355128149656
0.25,AVER,SMDDR,1.1231847767376255
0.25,AVER,AVFL,1.4595085337197307
0.25,AVER,CEPDL,1.0921393264058852
0.25,AVER,URADL,1.3644663630049096
0.25,AVER,PVCR,0.2735182802542578
0.25,AVER,ADEL,1.3037214851511028
0.25,AVER,RIAR,0.9321141181783987
0.25,AVER,AVDR,0.36035042214395097
0.25,AVER,AVG,0.8397017056749798
0.25,AVER,SMBDR,0.8184141276152082
0.25,AVER,RMGL,1.1556076214132547
0.25,AVER,AVAR,0.21184619616361108
0.25,AVER,VC03,0.7758281901222901
0.25,AVER,HSNL,1.360302547211759
0.25,AVER,HSNR,1.3153933814764343
0.25,AVER,DVA,0.5349141318734539
0.25,AVER,RIAL,0.7725018757876202
0.25,AVER,SMDDL,0.6966953298248654
0.25,AVER,SMDVR,0.9315182168630018
0.25,AVER,AVAL,0.28666529733383916
0.25,AVER,PVCL,0.27950596842508113
0.25,AVER,SMBVL,0.9526666996954732
0.25,AVER,RMGR,0.7929581140721673
0.25,AVER,PVNR,0.8158718049560543
0.25,AVER,SMBVR,0.6481826450053231
0.25,AVER,RMDL,0.9113232438125618
0.25,AVER,RIH,1.3884350024399774
0.25,AVER,PVNL,1.2949147994050092
0.25,AVER,PVR,0.959028049446164
0.25,AVER,SMDVL,1.1540457491785054
0.25,AVDL,SMDDR,0.947927625841898
0.25,AVDL,AVFL,1.2947724958346951
0.25,AVDL,CEPDL,1.3424313067232634
0.25,AVDL,URADL,1.2215515678520052
0.25,AVDL,PVCR,0.13060348510135344
0.25,AVDL,ADEL,1.1608066899981984
0.25,AVDL,RIAR,0.767378080293363
0.25,AVDL,AVDR,0.3160712149145173
0.25,AVDL,AVG,0.674965667789944
0.25,AVDL,SMBDR,0.6536780897301724
0.25,AVDL,RMGL,0.8639791605324771
0.25,AVDL,AVAR,0.06893140101070673
0.25,AVDL,VC03,0.6329133949693857
0.25,AVDL,HSNL,1.195566509326723
0.25,AVDL,HSNR,1.1506573435913987
0.25,AVDL,DVA,0.37017809398841817
0.25,AVDL,RIAL,0.5455549197846661
0.25,AVDL,SMDDL,0.5537805346719611
0.25,AVDL,SMDVR,0.7045712608600478
0.25,AVDL,AVAL,0.05971834133088502
0.25,AVDL,PVCL,0.11476993054004539
0.25,AVDL,SMBVL,0.7879306618104375
0.25,AVDL,RMGR,0.941225395088964
0.25,AVDL,PVNR,0.67295700980315
0.25,AVDL,SMBVR,0.4834466071202873
0.25,AVDL,RMDL,0.6843762878096077
0.25,AVDL,RIH,1.245520207287073
0.25,AVDL,PVNL,1.0679678434020552
0.25,AVDL,PVR,0.7942920115611283
0.25,AVDL,SMDVL,0.933225085539364
0.25,RIAL,SMDDR,0.4023727060572319
0.25,RIAL,AVFL,1.7290115482754165
0.25,RIAL,CEPDL,0.9537026003886053
0.25,RIAL,URADL,1.2562506494969552
0.25,RIAL,PVCR,0.6976099675301206
0.25,RIAL,ADEL,1.484152588348734
0.25,RIAL,RIAR,0.5159274661628517
0.25,RIAL,AVDR,0.9395900665847167
0.25,RIAL,AVG,1.22608390491284
0.25,RIAL,SMBDR,0.4913285927221869
0.25,RIAL,RMGL,1.0614669584723524
0.25,RIAL,AVAR,0.7193671308581213
0.25,RIAL,VC03,1.1999198773981528
0.25,RIAL,HSNL,1.7466847464496191
0.25,RIAL,HSNR,1.7017755807142945
0.25,RIAL,DVA,0.8531934889673649
0.25,RIAL,RIAL,0.0
0.25,RIAL,SMDDL,0.41468146775813697
0.25,RIAL,SMDVR,0.1590163410753817
0.25,RIAL,AVAL,0.610836578453781
0.25,RIAL,PVCL,0.6658881676629413
0.25,RIAL,SMBVL,0.8935767878430865
0.25,RIAL,RMGR,1.184004360762688
0.25,RIAL,PVNR,1.2399634922319172
0.25,RIAL,SMBVR,0.8164144058220842
0.25,RIAL,RMDL,0.13882136802494158
0.25,RIAL,RIH,1.4776264269050359
0.25,RIAL,PVNL,1.6190860805249512
0.25,RIAL,PVR,1.2488732915184273
0.25,RIAL,SMDVL,0.3876701657546979
0.5,AVAL,SMDDR,1.2355715992900427
0.5,AVAL,AVFL,1.4300754201736998
0.5,AVAL,CEPDL,1.4330580725008453
0.5,AVAL,URADL,1.2801223166277427
0.5,AVAL,PVCR,0.11104677815267927
0.5,AVAL,ADEL,1.6259986424918238
0.5,AVAL,RIAR,0.8677004303059084
0.5,AVAL,AVDR,0.5189788377337328
0.5,AVAL,AVG,0.6828756052990704
0.5,AVAL,SMBDR,0.7236337825128606
0.5,AVAL,RMGL,1.243213120936184
0.5,AVAL,AVAR,0.13372777147534717
0.5,AVAL,VC03,0.734714216936363
0.5,AVAL,HSNL,1.4740772883726285
0.5,AVAL,HSNR,1.0972219198649424
0.5,AVAL,DVA,0.32330045769601873
0.5,AVAL,RIAL,0.6383398235742287
0.5,AVAL,SMDDL,0.8779358427194245
0.5,AVAL,SMDVR,0.9251225057249921
0.5,AVAL,AVAL,0.0
0.5,AVAL,PVCL,0.062484130799273105
0.5,AVAL,SMBVL,0.9588055933400572
0.5,AVAL,RMGR,1.0487283932304439
0.5,AVAL,PVNR,0.8148014466038914
0.5,AVAL,SMBVR,0.46650415062642364
0.5,AVAL,RMDL,0.8775210211625735
0.5,AVAL,RIH,1.5217952947049787
0.5,AVAL,PVNL,1.0164990041423403
0.5,AVAL,PVR,0.671528292841439
0.5,AVAL,SMDVL,0.999704667064029
0.5,hyp,SMDDR,inf
0.5,hyp,AVFL,inf
0.5,hyp,CEPDL,inf
0.5,hyp,URADL,inf
0.5,hyp,PVCR,inf
0.5,hyp,ADEL,inf
0.5,hyp,RIAR,inf
0.5,hyp,AVDR,inf
0.5,hyp,AVG,inf
0.5,hyp,SMBDR,inf
0.5,hyp,RMGL,inf
0.5,hyp,AVAR,inf
0.5,hyp,VC03,inf
0.5,hyp,HSNL,inf
0.5,hyp,HSNR,inf
0.5,hyp,DVA,inf
0.5,hyp,RIAL,inf
0.5,hyp,SMDDL,inf
0.5,hyp,SMDVR,inf
0.5,hyp,AVAL,inf
0.5,hyp,PVCL,inf
0.5,hyp,SMBVL,inf
0.5,hyp,RMGR,inf
0.5,hyp,PVNR,inf
0.5,hyp,SMBVR,inf
0.5,hyp,RMDL,inf
0.5,hyp,RIH,inf
0.5,hyp,PVNL,inf
0.5,hyp,PVR,inf
0.5,hyp,SMDVL,inf
0.5,AVAR,SMDDR,1.1018438278146956
0.5,AVAR,AVFL,1.4529108338973666
0.5,AVAR,CEPDL,1.4509732605024874
0.5,AVAR,URADL,1.2980375046293848
0.5,AVAR,PVCR,0.07334416818129338
0.5,AVAR,ADEL,1.5882960325204378
0.5,AVAR,RIAR,0.8856156183075508
0.5,AVAR,AVDR,0.45818396710061604
0.5,AVAR,AVG,0.7057110190227375
0.5,AVAR,SMBDR,0.7415489705145029
0.5,AVAR,RMGL,1.2055105109647983
0.5,AVAR,AVAR,0.0
0.5,AVAR,VC03,0.697011606964977
0.5,AVAR,HSNL,1.4969127020962956
0.5,AVAR,HSNR,1.1116884222989278
0.5,AVAR,DVA,0.34121564569766105
0.5,AVAR,RIAL,0.8018294998114806
0.5,AVAR,SMDDL,0.7442080712440773
0.5,AVAR,SMDVR,0.9409157808657439
0.5,AVAR,AVAL,0.1634896762372519
0.5,AVAR,PVCL,0.08531954452294008
0.5,AVAR,SMBVL,0.9767207813416996
0.5,AVAR,RMGR,1.071563806954111
0.5,AVAR,PVNR,0.7770988366325056
0.5,AVAR,SMBVR,0.48933956435009063
0.5,AVAR,RMDL,1.0410106973998252
0.5,AVAR,RIH,1.5397104827066213
0.5,AVAR,PVNL,1.1799886803795923
0.5,AVAR,PVR,0.6894434808430814
0.5,AVAR,SMDVL,1.0176198550656714
0.5,AVEL,SMDDR,1.392771111743535
0.5,AVEL,AVFL,1.6019356518096879
0.5,AVEL,CEPDL,1.4124429964591374
0.5,AVEL,URADL,1.451982548263731
0.5,AVEL,PVCR,0.28290700978866756
0.5,AVEL,ADEL,1.797858874127812
0.5,AVEL,RIAR,1.0395606619418967
0.5,AVEL,AVDR,0.6122339387634875
0.5,AVEL,AVG,0.8547358369350587
0.5,AVEL,SMBDR,0.8954940141488488
0.5,AVEL,RMGL,0.8478668121305012
0.5,AVEL,AVAR,0.2909272839288394
0.5,AVEL,VC03,0.9065744485723513
0.5,AVEL,HSNL,1.6459375200086168
0.5,AVEL,HSNR,1.2690821515009305
0.5,AVEL,DVA,0.49516068933200696
0.5,AVEL,RIAL,0.810200055210217
0.5,AVEL,SMDDL,1.0351353551729168
0.5,AVEL,SMDVR,1.0969827373609804
0.5,AVEL,AVAL,0.17186023163598826
0.5,AVEL,PVCL,0.23434436243526136
0.5,AVEL,SMBVL,1.1306658249760455
0.5,AVEL,RMGR,1.2205886248664322
0.5,AVEL,PVNR,0.9866616782398797
0.5,AVEL,SMBVR,0.6383643822624119
0.5,AVEL,RMDL,1.0493812527985618
0.5,AVEL,RIH,1.3148317263064722
0.5,AVEL,PVNL,1.1883592357783286
0.5,AVEL,PVR,0.8433885244774273
0.5,AVEL,SMDVL,1.1715648987000173
0.5,AVDR,SMDDR,1.4863098461973627
0.5,AVDR,AVFL,1.837376852280034
0.5,AVDR,CEPDL,1.7799794970996723
0.5,AVDR,URADL,1.6825035230120524
0.5,AVDR,PVCR,0.4578101865639608
0.5,AVDR,ADEL,1.9727620509031052
0.5,AVDR,RIAR,1.1585155363328516
0.5,AVDR,AVDR,0.0
0.5,AVDR,AVG,1.0901770374054047
0.5,AVDR,SMBDR,1.1260149888971702
0.5,AVDR,RMGL,1.2647431801718714
0.5,AVDR,AVAR,0.38446601838266736
0.5,AVDR,VC03,1.0814776253476444
0.5,AVDR,HSNL,1.881378720478963
0.5,AVDR,HSNR,1.4961544406815954
0.5,AVDR,DVA,0.7256816640803284
0.5,AVDR,RIAL,1.0607251379919012
0.5,AVDR,SMDDL,1.1286740896267446
0.5,AVDR,SMDVR,1.284598102375135
0.5,AVDR,AVAL,0.4223853144176726
0.5,AVDR,PVCL,0.46978556290560747
0.5,AVDR,SMBVL,1.361186799724367
0.5,AVDR,RMGR,1.1816170724322366
0.5,AVDR,PVNR,1.161564855015173
0.5,AVDR,SMBVR,0.873805582732758
0.5,AVDR,RMDL,1.2999063355802458
0.5,AVDR,RIH,1.5914005691493938
0.5,AVDR,PVNL,1.3888281621287355
0.5,AVDR,PVR,1.0739094992257487
0.5,AVDR,SMDVL,1.1135602081831828
0.5,AVBR,SMDDR,1.2849455166489014
0.5,AVBR,AVFL,1.5592461971111788
0.5,AVBR,CEPDL,1.6145694153007106
0.5,AVBR,URADL,1.461633659427608
0.5,AVBR,PVCR,0.2564458570154994
0.5,AVBR,ADEL,1.771397721354644
0.5,AVBR,RIAR,1.0492117731057737
0.5,AVBR,AVDR,0.641285655934822
0.5,AVBR,AVG,0.8643869480989359
0.5,AVBR,SMBDR,0.9051451253127261
0.5,AVBR,RMGL,1.3563297150699323
0.5,AVBR,AVAR,0.18310168883420597
0.5,AVBR,VC03,0.8473550803125427
0.5,AVBR,HSNL,1.6555886311724939
0.5,AVBR,HSNR,0.9035598267465835
0.5,AVBR,DVA,0.5048118004958841
0.5,AVBR,RIAL,0.819851166374094
0.5,AVBR,SMDDL,0.9273097600782833
0.5,AVBR,SMDVR,1.1066338485248575
0.5,AVBR,AVAL,0.18151134279986536
0.5,AVBR,PVCL,0.24399547359913848
0.5,AVBR,SMBVL,1.1403169361399228
0.5,AVBR,RMGR,1.2302397360303092
0.5,AVBR,PVNR,0.9274423099800713
0.5,AVBR,SMBVR,0.648015493426289
0.5,AVBR,RMDL,1.0590323639624388
0.5,AVBR,RIH,1.703306637504844
0.5,AVBR,PVNL,1.1980103469422057
0.5,AVBR,PVR,0.8530396356413045
0.5,AVBR,SMDVL,1.1812160098638946
0.5,AVBL,SMDDR,1.2372429558222453
0.5,AVBL,AVFL,1.4392258076847158
0.5,AVBL,CEPDL,1.500106947522885
0.5,AVBL,URADL,1.3471711916497824
0.5,AVBL,PVCR,0.20874329618884316
0.5,AVBL,ADEL,1.7236951605279875
0.5,AVBL,RIAR,0.9347493053279482
0.5,AVBL,AVDR,0.5935830951081658
0.5,AVBL,AVG,0.8290220314009324
0.5,AVBL,SMBDR,0.7906826575349004
0.5,AVBL,RMGL,1.3398390311848543
0.5,AVBL,AVAR,0.13539912800754977
0.5,AVBL,VC03,0.5483085942730472
0.5,AVBL,HSNL,1.6202237144744907
0.5,AVBL,HSNR,1.0359396461194124
0.5,AVBL,DVA,0.3903493327180585
0.5,AVBL,RIAL,0.7844862496760907
0.5,AVBL,SMDDL,0.879607199251627
0.5,AVBL,SMDVR,1.0712689318268542
0.5,AVBL,AVAL,0.14614642610186201
0.5,AVBL,PVCL,0.20863055690113513
0.5,AVBL,SMBVL,1.025854468362097
0.5,AVBL,RMGR,1.194874819332306
0.5,AVBL,PVNR,0.6283958239405757
0.5,AVBL,SMBVR,0.6126505767282857
0.5,AVBL,RMDL,1.0236674472644354
0.5,AVBL,RIH,1.5888441697270186
0.5,AVBL,PVNL,1.1626454302442024
0.5,AVBL,PVR,0.7385771678634788
0.5,AVBL,SMDVL,1.0667535420860688
0.5,AVER,SMDDR,1.488777033233288
0.5,AVER,AVFL,1.3150243506606927
0.5,AVER,CEPDL,1.1842786528117704
0.5,AVER,URADL,1.66437475102847
0.5,AVER,PVCR,0.46673353020548525
0.5,AVER,ADEL,1.8061191938504724
0.5,AVER,RIAR,1.1728825521623052
0.5,AVER,AVDR,0.47070084428790193
0.5,AVER,AVG,1.0991003810469293
0.5,AVER,SMBDR,1.1349383325386948
0.5,AVER,RMGL,1.4778819094931759
0.5,AVER,AVAR,0.39338936202419184
0.5,AVER,VC03,1.090400968989169
0.5,AVER,HSNL,1.6549734306242843
0.5,AVER,HSNR,1.5050777843231198
0.5,AVER,DVA,0.7346050077218529
0.5,AVER,RIAL,1.1402418468133355
0.5,AVER,SMDDL,1.1375974332682692
0.5,AVER,SMDVR,1.3343051428899357
0.5,AVER,AVAL,0.5019020232391069
0.5,AVER,PVCL,0.47870890654713194
0.5,AVER,SMBVL,1.3701101433658915
0.5,AVER,RMGR,0.5859162281443346
0.5,AVER,PVNR,1.1704881986566975
0.5,AVER,SMBVR,0.8827289263742825
0.5,AVER,RMDL,1.3794230444016802
0.5,AVER,RIH,1.7768193501032754
0.5,AVER,PVNL,1.5184010273814472
0.5,AVER,PVR,1.082832842867273
0.5,AVER,SMDVL,1.1179494271509014
0.5,AVDL,SMDDR,1.212679602809082
0.5,AVDL,AVFL,1.5224850758084427
0.5,AVDL,CEPDL,1.5254677281355882
0.5,AVDL,URADL,1.3725319722624856
0.5,AVDL,PVCR,0.18417994317567982
0.5,AVDL,ADEL,1.6991318075148243
0.5,AVDL,RIAR,0.9601100859406515
0.5,AVDL,AVDR,0.4321424298290346
0.5,AVDL,AVG,0.7752852609338134
0.5,AVDL,SMBDR,0.8160434381476036
0.5,AVDL,RMGL,1.027958321064954
0.5,AVDL,AVAR,0.11083577499438643
0.5,AVDL,VC03,0.8078473819593635
0.5,AVDL,HSNL,1.5664869440073717
0.5,AVDL,HSNR,1.1896315754996853
0.5,AVDL,DVA,0.41571011333076174
0.5,AVDL,RIAL,0.7307494792089717
0.5,AVDL,SMDDL,0.8550438462384637
0.5,AVDL,SMDVR,1.017532161359735
0.5,AVDL,AVAL,0.09240965563474302
0.5,AVDL,PVCL,0.15489378643401613
0.5,AVDL,SMBVL,1.0512152489748003
0.5,AVDL,RMGR,1.1411380488651868
0.5,AVDL,PVNR,0.8879346116268919
0.5,AVDL,SMBVR,0.5589138062611667
0.5,AVDL,RMDL,0.9699306767973164
0.5,AVDL,RIH,1.494923235240925
0.5,AVDL,PVNL,1.1089086597770832
0.5,AVDL,PVR,0.7639379484761821
0.5,AVDL,SMDVL,1.0921143226987722
0.5,RIAL,SMDDR,0.7744423818114335
0.5,RIAL,AVFL,2.041356429884166
0.5,RIAL,CEPDL,0.9074052007772108
0.5,RIAL,URADL,1.3875012989939104
0.5,RIAL,PVCR,0.8327199350602413
0.5,RIAL,ADEL,1.7995802391560964
0.5,RIAL,RIAR,0.9883766714561382
0.5,RIAL,AVDR,1.2406519946412948
0.5,RIAL,AVG,1.4045487622066326
0.5,RIAL,SMBDR,0.8398000425872308
0.5,RIAL,RMGL,1.4229339169447046
0.5,RIAL,AVAR,0.8554009283829093
0.5,RIAL,VC03,1.456387373843925
0.5,RIAL,HSNL,1.9640495021026143
0.5,RIAL,HSNR,1.8188950767725043
0.5,RIAL,DVA,1.0449736146035806
0.5,RIAL,RIAL,0.0
0.5,RIAL,SMDDL,0.7839083900617285
0.5,RIAL,SMDVR,0.2867826821507634
0.5,RIAL,AVAL,0.7216731569075621
0.5,RIAL,PVCL,0.7841572877068351
0.5,RIAL,SMBVL,1.3184747580477796
0.5,RIAL,RMGR,1.7306492517243637
0.5,RIAL,PVNR,1.5364746035114534
0.5,RIAL,SMBVR,1.09436727318263
0.5,RIAL,RMDL,0.23918119758834472
0.5,RIAL,RIH,1.7541612820035581
0.5,RIAL,PVNL,1.7381721610499024
0.5,RIAL,PVR,1.393201449749001
0.5,RIAL,SMDVL,0.7039117600808245
0.75,AVAL,SMDDR,1.4260969246530144
0.75,AVAL,AVFL,1.2879702731176923
0.75,AVAL,CEPDL,1.5674442516084108
0.75,AVAL,URADL,1.3545230414944431
0.75,AVAL,PVCR,0.1353201672290189
0.75,AVAL,ADEL,2.135020691010463
0.75,AVAL,RIAR,1.0277411216493388
0.75,AVAL,AVDR,0.7092041873365299
0.75,AVAL,AVG,0.7505038841390818
0.75,AVAL,SMBDR,0.7998398659056017
0.75,AVAL,RMGL,1.3936150281126087
0.75,AVAL,AVAR,0.1589249905463541
0.75,AVAL,VC03,0.8592345541413522
0.75,AVAL,HSNL,1.7420609602706252
0.75,AVAL,HSNR,1.1035048374693712
0.75,AVAL,DVA,0.33614116273450434
0.75,AVAL,RIAL,0.7908430686946764
0.75,AVAL,SMDDL,1.1624919993732543
0.75,AVAL,SMDVR,1.07029866184497
0.75,AVAL,AVAL,0.0
0.75,AVAL,PVCL,0.06991667238938584
0.75,AVAL,SMBVL,1.1893988662005621
0.75,AVAL,RMGR,1.142289501449317
0.75,AVAL,PVNR,0.9793653986426449
0.75,AVAL,SMBVR,0.5092800354634449
0.75,AVAL,RMDL,1.1303840958464242
0.75,AVAL,RIH,1.5940623993765652
0.75,AVAL,PVNL,1.0247485062135104
0.75,AVAL,PVR,0.6082986724816544
0.75,AVAL,SMDVL,0.85074747678652
0.75,hyp,SMDDR,inf
0.75,hyp,AVFL,inf
0.75,hyp,CEPDL,inf
0.75,hyp,URADL,inf
0.75,hyp,PVCR,inf
0.75,hyp,ADEL,inf
0.75,hyp,RIAR,inf
0.75,hyp,AVDR,inf
0.75,hyp,AVG,inf
0.75,hyp,SMBDR,inf
0.75,hyp,RMGL,inf
0.75,hyp,AVAR,inf
0.75,hyp,VC03,inf
0.75,hyp,HSNL,inf
0.75,hyp,HSNR,inf
0.75,hyp,DVA,inf
0.75,hyp,RIAL,inf
0.75,hyp,SMDDL,inf
0.75,hyp,SMDVR,inf
0.75,hyp,AVAL,inf
0.75,hyp,PVCL,inf
0.75,hyp,SMBVL,inf
0.75,hyp,RMGR,inf
0.75,hyp,PVNR,inf
0.75,hyp,SMBVR,inf
0.75,hyp,RMDL,inf
0.75,hyp,RIH,inf
0.75,hyp,PVNL,inf
0.75,hyp,PVR,inf
0.75,hyp,SMDVL,inf
0.75,AVAR,SMDDR,1.2671719341066603
0.75,AVAR,AVFL,1.3210329175127167
0.75,AVAR,CEPDL,1.5514598907537314
0.75,AVAR,URADL,1.3042191265373644
0.75,AVAR,PVCR,0.08501625227194008
0.75,AVAR,ADEL,2.084716776053384
0.75,AVAR,RIAR,1.007807133860574
0.75,AVAR,AVDR,0.6039426173175907
0.75,AVAR,AVG,0.783566528534106
0.75,AVAR,SMBDR,0.8329025103006261
0.75,AVAR,RMGL,1.3816559908348012
0.75,AVAR,AVAR,0.0
0.75,AVAR,VC03,0.8300412199712752
0.75,AVAR,HSNL,1.583135969724271
0.75,AVAR,HSNR,1.106818347734106
0.75,AVAR,DVA,0.32015680187982487
0.75,AVAR,RIAL,0.9646490116219828
0.75,AVAR,SMDDL,1.0035670088269002
0.75,AVAR,SMDVR,0.9113736712986158
0.75,AVAR,AVAL,0.17380594292730644
0.75,AVAR,PVCL,0.10297931678441012
0.75,AVAR,SMBVL,1.1734145053458827
0.75,AVAR,RMGR,1.0295644458588504
0.75,AVAR,PVNR,0.950172064472568
0.75,AVAR,SMBVR,0.5423426798584692
0.75,AVAR,RMDL,1.3041900387737306
0.75,AVAR,RIH,1.552145260319885
0.75,AVAR,PVNL,1.1985544491408169
0.75,AVAR,PVR,0.5579947575245756
0.75,AVAR,SMDVL,0.8347631159318405
0.75,AVEL,SMDDR,1.5900493464864058
0.75,AVEL,AVFL,1.4475494040449133
0.75,AVEL,CEPDL,1.3686644946887063
0.75,AVEL,URADL,1.582901624242543
0.75,AVEL,PVCR,0.36369874997711893
0.75,AVEL,ADEL,2.3633992737585627
0.75,AVEL,RIAR,1.2561197043974388
0.75,AVEL,AVDR,0.7183509081452313
0.75,AVEL,AVG,0.9788824668871818
0.75,AVEL,SMBDR,0.9594189968328227
0.75,AVEL,RMGL,1.0218002181957517
0.75,AVEL,AVAR,0.32287741237974554
0.75,AVEL,VC03,1.0876131368894524
0.75,AVEL,HSNL,1.9060133821040166
0.75,AVEL,HSNR,1.3318834202174712
0.75,AVEL,DVA,0.5645197454826043
0.75,AVEL,RIAL,1.0192216514427763
0.75,AVEL,SMDDL,1.3264444212066457
0.75,AVEL,SMDVR,1.2342510836783613
0.75,AVEL,AVAL,0.22837858274810002
0.75,AVEL,PVCL,0.2982952551374859
0.75,AVEL,SMBVL,1.4177774489486623
0.75,AVEL,RMGR,1.352441858238596
0.75,AVEL,PVNR,1.1498930184124403
0.75,AVEL,SMBVR,0.737658618211545
0.75,AVEL,RMDL,1.3587626785945242
0.75,AVEL,RIH,1.2222475894597085
0.75,AVEL,PVNL,1.2531270889616104
0.75,AVEL,PVR,0.8366772552297544
0.75,AVEL,SMDVL,1.07912605953462
0.75,AVDR,SMDDR,1.7406959185180904
0.75,AVDR,AVFL,1.699421125756225
0.75,AVDR,CEPDL,1.9199692456495083
0.75,AVDR,URADL,1.8101772944102985
0.75,AVDR,PVCR,0.6520998952305564
0.75,AVDR,ADEL,2.651800419012001
0.75,AVDR,RIAR,1.3502246037338996
0.75,AVDR,AVDR,0.0
0.75,AVDR,AVG,1.2967147447451588
0.75,AVDR,SMBDR,1.3708287115080284
0.75,AVDR,RMGL,1.657531436924474
0.75,AVDR,AVAR,0.5670836429586164
0.75,AVDR,VC03,1.3971248629298914
0.75,AVDR,HSNL,2.056354974360236
0.75,AVDR,HSNR,1.6739019906927224
0.75,AVDR,DVA,0.8872404448384412
0.75,AVDR,RIAL,1.4122259183699657
0.75,AVDR,SMDDL,1.5706506517855165
0.75,AVDR,SMDVR,1.468563820229369
0.75,AVDR,AVAL,0.6213828496752893
0.75,AVDR,PVCL,0.6700629597430264
0.75,AVDR,SMBVL,1.740498148304499
0.75,AVDR,RMGR,1.022425608648355
0.75,AVDR,PVNR,1.5172557074311843
0.75,AVDR,SMBVR,1.1094263228170855
0.75,AVDR,RMDL,1.7517669455217135
0.75,AVDR,RIH,1.5121008537240905
0.75,AVDR,PVNL,1.4165755765264367
0.75,AVDR,PVR,1.0639529253975097
0.75,AVDR,SMDVL,1.2120069789414405
0.75,AVBR,SMDDR,1.5061101816436833
0.75,AVBR,AVFL,1.4222026290001015
0.75,AVBR,CEPDL,1.7653968170102377
0.75,AVBR,URADL,1.5431573740743876
0.75,AVBR,PVCR,0.3239544998089633
0.75,AVBR,ADEL,2.3236550235904074
0.75,AVBR,RIAR,1.2256936870511654
0.75,AVBR,AVDR,0.8428808648546139
0.75,AVBR,AVG,0.9727708983388799
0.75,AVBR,SMBDR,0.934072221788011
0.75,AVBR,RMGL,1.5594945726048985
0.75,AVBR,AVAR,0.2389382475370232
0.75,AVBR,VC03,0.8543659538021475
0.75,AVBR,HSNL,1.8220742172612945
0.75,AVBR,HSNR,0.8553397401198752
0.75,AVBR,DVA,0.5340937281363309
0.75,AVBR,RIAL,1.0131100828944744
0.75,AVBR,SMDDL,1.2425052563639232
0.75,AVBR,SMDVR,1.150311918835639
0.75,AVBR,AVAL,0.22226701419979802
0.75,AVBR,PVCL,0.29218368658918387
0.75,AVBR,SMBVL,1.3873514316023887
0.75,AVBR,RMGR,1.2494064945952243
0.75,AVBR,PVNR,0.9744967983034403
0.75,AVBR,SMBVR,0.731547049663243
0.75,AVBR,RMDL,1.3526511100462222
0.75,AVBR,RIH,1.759941943868855
0.75,AVBR,PVNL,1.2470155204133084
0.75,AVBR,PVR,0.7969330050615988
0.75,AVBR,SMDVL,1.0487000421883466
0.75,AVBL,SMDDR,1.4345563404036992
0.75,AVBL,AVFL,1.3255053781937403
0.75,AVBL,CEPDL,1.566827087950994
0.75,AVBL,URADL,1.354090120808007
0.75,AVBL,PVCR,0.20232398105166893
0.75,AVBL,ADEL,2.202024504833113
0.75,AVBL,RIAR,1.0271239579919222
0.75,AVBL,AVDR,0.7713270236146297
0.75,AVBL,AVG,0.9141679677363193
0.75,AVBL,SMBDR,0.8373749709816497
0.75,AVBL,RMGL,1.4370869895194802
0.75,AVBL,AVAR,0.16738440629703893
0.75,AVBL,VC03,0.6557962247429042
0.75,AVBL,HSNL,1.75052037602131
0.75,AVBL,HSNR,0.9705761358457852
0.75,AVBL,DVA,0.3355239990770877
0.75,AVBL,RIAL,0.9545071522919139
0.75,AVBL,SMDDL,1.170951415123939
0.75,AVBL,SMDVR,1.0787580775956547
0.75,AVBL,AVAL,0.1636640835972375
0.75,AVBL,PVCL,0.23358075598662334
0.75,AVBL,SMBVL,1.1887817025431455
0.75,AVBL,RMGR,1.1969488521558893
0.75,AVBL,PVNR,0.775927069244197
0.75,AVBL,SMBVR,0.6086649163075062
0.75,AVBL,RMDL,1.2940481794436618
0.75,AVBL,RIH,1.6020162545905277
0.75,AVBL,PVNL,1.1884125898107478
0.75,AVBL,PVR,0.6078657517952182
0.75,AVBL,SMDVL,0.8501303131291034
0.75,AVER,SMDDR,1.697451264135646
0.75,AVER,AVFL,1.055869859324372
0.75,AVER,CEPDL,1.2764179792176555
0.75,AVER,URADL,1.879151654422137
0.75,AVER,PVCR,0.6599487801567127
0.75,AVER,ADEL,2.109178790775709
0.75,AVER,RIAR,0.9752598650616734
0.75,AVER,AVDR,0.5810512664318529
0.75,AVER,AVG,1.3584990564188786
0.75,AVER,SMBDR,1.2677231420457016
0.75,AVER,RMGL,1.605505431210307
0.75,AVER,AVAR,0.5749325278847726
0.75,AVER,VC03,1.4049737478560478
0.75,AVER,HSNL,1.56579347926976
0.75,AVER,HSNR,1.6817508756188786
0.75,AVER,DVA,0.8950893297645974
0.75,AVER,RIAL,1.5079818178390512
0.75,AVER,SMDDL,1.5784995367116725
0.75,AVER,SMDVR,1.4863061991833884
0.75,AVER,AVAL,0.7171387491443747
0.75,AVER,PVCL,0.6779118446691826
0.75,AVER,SMBVL,1.702166841690551
0.75,AVER,RMGR,0.37887434221650196
0.75,AVER,PVNR,1.4581971636253193
0.75,AVER,SMBVR,1.0857091759797948
0.75,AVER,RMDL,1.8336873849794835
0.75,AVER,RIH,1.7993982550452194
0.75,AVER,PVNL,1.7418872553578852
0.75,AVER,PVR,1.1329272854093482
0.75,AVER,SMDVL,0.9269241407263522
0.75,AVDL,SMDDR,1.4199120830847263
0.75,AVDL,AVFL,1.277412140643234
0.75,AVDL,CEPDL,1.5388017580903857
0.75,AVDL,URADL,1.4569592755154306
0.75,AVDL,PVCR,0.23775640125000624
0.75,AVDL,ADEL,2.2374569250314504
0.75,AVDL,RIAR,1.1528420915879398
0.75,AVDL,AVDR,0.5482136447435519
0.75,AVDL,AVG,0.8756048540776828
0.75,AVDL,SMBDR,0.7892817334311434
0.75,AVDL,RMGL,1.191937481597431
0.75,AVDL,AVAR,0.15274014897806615
0.75,AVDL,VC03,0.9827813689493413
0.75,AVDL,HSNL,1.7358761187023373
0.75,AVDL,HSNR,1.2286058074079722
0.75,AVDL,DVA,0.4612421326731053
0.75,AVDL,RIAL,0.9159440386332773
0.75,AVDL,SMDDL,1.1563071578049662
0.75,AVDL,SMDVR,1.064113820276682
0.75,AVDL,AVAL,0.125100969938601
0.75,AVDL,PVCL,0.19501764232798685
0.75,AVDL,SMBVL,1.3144998361391633
0.75,AVDL,RMGR,1.1823045948369164
0.75,AVDL,PVNR,0.979755755010761
0.75,AVDL,SMBVR,0.634381005402046
0.75,AVDL,RMDL,1.2554850657850252
0.75,AVDL,RIH,1.3923848528613876
0.75,AVDL,PVNL,1.1498494761521114
0.75,AVDL,PVR,0.7107349065026418
0.75,AVDL,SMDVL,0.9758484467251209
0.75,RIAL,SMDDR,1.1465120575656351
0.75,RIAL,AVFL,2.120480008479035
0.75,RIAL,CEPDL,0.8611078011658162
0.75,RIAL,URADL,1.5187519484908658
0.75,RIAL,PVCR,0.9678299025903618
0.75,RIAL,ADEL,2.0577036920674785
0.75,RIAL,RIAR,1.4608258767494247
0.75,RIAL,AVDR,1.5417139226978729
0.75,RIAL,AVG,1.5830136195004247
0.75,RIAL,SMBDR,1.188271492452275
0.75,RIAL,RMGL,1.698734644890906
0.75,RIAL,AVAR,0.9914347259076971
0.75,RIAL,VC03,1.691744289502695
0.75,RIAL,HSNL,1.996074253153922
0.75,RIAL,HSNR,1.936014572830714
0.75,RIAL,DVA,1.1686508980958472
0.75,RIAL,RIAL,0.0
0.75,RIAL,SMDDL,1.1531353123653203
0.75,RIAL,SMDVR,0.4145490232261451
0.75,RIAL,AVAL,0.832509735361343
0.75,RIAL,PVCL,0.9024264077507288
0.75,RIAL,SMBVL,1.7360454704050028
0.75,RIAL,RMGR,1.8378870775620175
0.75,RIAL,PVNR,1.811875134003988
0.75,RIAL,SMBVR,1.341789770824788
0.75,RIAL,RMDL,0.33954102715174783
0.75,RIAL,RIH,1.9190286976342172
0.75,RIAL,PVNL,1.8572582415748533
0.75,RIAL,PVR,1.4408084078429972
0.75,RIAL,SMDVL,1.020153354406951
1.0,AVAL,SMDDR,1.4651880564000974
1.0,AVAL,AVFL,1.0832306939889933
1.0,AVAL,CEPDL,1.6097829267784869
1.0,AVAL,URADL,1.3407529442148132
1.0,AVAL,PVCR,0.15959355630535854
1.0,AVAL,ADEL,2.582503045481788
1.0,AVAL,RIAR,1.1219667347943676
1.0,AVAL,AVDR,0.8203803849329061
1.0,AVAL,AVG,0.8181321629790932
1.0,AVAL,SMBDR,0.682390151039539
1.0,AVAL,RMGL,1.1065653404876172
1.0,AVAL,AVAR,0.184122209617361
1.0,AVAL,VC03,0.9444655963053741
1.0,AVAL,HSNL,1.7741368359163892
1.0,AVAL,HSNR,1.086394366664771
1.0,AVAL,DVA,0.3489818677729899
1.0,AVAL,RIAL,0.943346313815124
1.0,AVAL,SMDDL,1.447048156027084
1.0,AVAL,SMDVR,1.0659537713488487
1.0,AVAL,AVAL,0.0
1.0,AVAL,PVCL,0.0773492139794986
1.0,AVAL,SMBVL,1.1869443404663855
1.0,AVAL,RMGR,1.1042079313383117
1.0,AVAL,PVNR,1.047466624256807
1.0,AVAL,SMBVR,0.5520559203004664
1.0,AVAL,RMDL,1.383247170530275
1.0,AVAL,RIH,1.3947226989428148
1.0,AVAL,PVNL,1.0329980082846806
1.0,AVAL,PVR,0.4568982299755392
1.0,AVAL,SMDVL,0.7017902865090107
1.0,hyp,SMDDR,inf
1.0,hyp,AVFL,inf
1.0,hyp,CEPDL,inf
1.0,hyp,URADL,inf
1.0,hyp,PVCR,inf
1.0,hyp,ADEL,inf
1.0,hyp,RIAR,inf
1.0,hyp,AVDR,inf
1.0,hyp,AVG,inf
1.0,hyp,SMBDR,inf
1.0,hyp,RMGL,inf
1.0,hyp,AVAR,inf
1.0,hyp,VC03,inf
1.0,hyp,HSNL,inf
1.0,hyp,HSNR,inf
1.0,hyp,DVA,inf
1.0,hyp,RIAL,inf
1.0,hyp,SMDDL,inf
1.0,hyp,SMDVR,inf
1.0,hyp,AVAL,inf
1.0,hyp,PVCL,inf
1.0,hyp,SMBVL,inf
1.0,hyp,RMGR,inf
1.0,hyp,PVNR,inf
1.0,hyp,SMBVR,inf
1.0,hyp,RMDL,inf
1.0,hyp,RIH,inf
1.0,hyp,PVNL,inf
1.0,hyp,PVR,inf
1.0,hyp,SMDVL,inf
1.0,AVAR,SMDDR,1.2810658467827365
1.0,AVAR,AVFL,1.12008293270828
1.0,AVAR,CEPDL,1.5398037901718271
1.0,AVAR,URADL,1.2672656117589556
1.0,AVAR,PVCR,0.09668833636258678
1.0,AVAR,ADEL,2.5102732659558233
1.0,AVAR,RIAR,1.0257551724486205
1.0,AVAR,AVDR,0.7497012675345655
1.0,AVAR,AVG,0.8614220380454748
1.0,AVAR,SMBDR,0.7192423897588258
1.0,AVAR,RMGL,0.9445386999434685
1.0,AVAR,AVAR,0.0
1.0,AVAR,VC03,0.9626535397992892
1.0,AVAR,HSNL,1.590014626299028
1.0,AVAR,HSNR,1.1018944597330076
1.0,AVAR,DVA,0.18695522722884098
1.0,AVAR,RIAL,1.127468523432485
1.0,AVAR,SMDDL,1.262925946409723
1.0,AVAR,SMDVR,0.8818315617314878
1.0,AVAR,AVAL,0.184122209617361
1.0,AVAR,PVCL,0.12063908904588017
1.0,AVAR,SMBVL,1.2237965791856724
1.0,AVAR,RMGR,0.9283081500340227
1.0,AVAR,PVNR,1.0843188629760938
1.0,AVAR,SMBVR,0.4955875613138434
1.0,AVAR,RMDL,1.3715638386210616
1.0,AVAR,RIH,1.4315749376621016
1.0,AVAR,PVNL,1.2171202179020415
1.0,AVAR,PVR,0.3834108975196816
1.0,AVAR,SMDVL,0.5397636459648618
1.0,AVEL,SMDDR,1.4836289844137567
1.0,AVEL,AVFL,1.0856214276154401
1.0,AVEL,CEPDL,1.324885992918275
1.0,AVEL,URADL,1.5830917825487953
1.0,AVEL,PVCR,0.40193239463934083
1.0,AVEL,ADEL,2.8248418838157705
1.0,AVEL,RIAR,1.1243574684208144
1.0,AVEL,AVDR,0.824467877526975
1.0,AVEL,AVG,1.0738900237989721
1.0,AVEL,SMBDR,0.6847808846659859
1.0,AVEL,RMGL,1.1957336242610024
1.0,AVEL,AVAR,0.35369118231455765
1.0,AVEL,VC03,1.2268007584051739
1.0,AVEL,HSNL,1.9437058086135857
1.0,AVEL,HSNR,1.3655456158936792
1.0,AVEL,DVA,0.5406464095433986
1.0,AVEL,RIAL,1.2282432476753358
1.0,AVEL,SMDDL,1.50176888478677
1.0,AVEL,SMDVR,1.2355227440460455
1.0,AVEL,AVAL,0.2848969338602118
1.0,AVEL,PVCL,0.33310707479937757
1.0,AVEL,SMBVL,1.1893350740928323
1.0,AVEL,RMGR,1.1501047279519538
1.0,AVEL,PVNR,1.0498573578832537
1.0,AVEL,SMBVR,0.8078137811203453
1.0,AVEL,RMDL,1.6681441043904868
1.0,AVEL,RIH,1.1296634526129443
1.0,AVEL,PVNL,1.3178949421448924
1.0,AVEL,PVR,0.6992370683095215
1.0,AVEL,SMDVL,0.8934548282794195
1.0,AVDR,SMDDR,1.8548106752402378
1.0,AVDR,AVFL,1.4881170565638557
1.0,AVDR,CEPDL,2.0599589941993446
1.0,AVDR,URADL,1.8499962879442506
1.0,AVDR,PVCR,0.843932832864808
1.0,AVDR,ADEL,3.00774877474999
1.0,AVDR,RIAR,1.213970397546924
1.0,AVDR,AVDR,0.0
1.0,AVDR,AVG,1.3495085485491007
1.0,AVDR,SMBDR,1.1888827264551491
1.0,AVDR,RMGL,1.6435292255845186
1.0,AVDR,AVAR,0.7497012675345655
1.0,AVDR,VC03,1.7049778153101398
1.0,AVDR,HSNL,2.1029177435914255
1.0,AVDR,HSNR,1.8469065856695368
1.0,AVDR,DVA,0.8859457528698912
1.0,AVDR,RIAL,1.7637266987480302
1.0,AVDR,SMDDL,1.8729505756132512
1.0,AVDR,SMDVR,1.6315328292660531
1.0,AVDR,AVAL,0.8203803849329061
1.0,AVDR,PVCL,0.8472714234191956
1.0,AVDR,SMBVL,1.6934369158819955
1.0,AVDR,RMGR,0.8632341448644731
1.0,AVDR,PVNR,1.5539591996724171
1.0,AVDR,SMBVR,1.1945780869548936
1.0,AVDR,RMDL,1.8844669559134593
1.0,AVDR,RIH,1.4328011382987875
1.0,AVDR,PVNL,1.444322990924138
1.0,AVDR,PVR,0.9661415737049768
1.0,AVDR,SMDVL,1.238754171605912
1.0,AVBR,SMDDR,1.575840653022577
1.0,AVBR,AVFL,1.2546482800993393
1.0,AVBR,CEPDL,1.6828271048679253
1.0,AVBR,URADL,1.3823510013906708
1.0,AVBR,PVCR,0.20119161348121628
1.0,AVBR,ADEL,2.624101102657646
1.0,AVBR,RIAR,1.181579455599395
1.0,AVBR,AVDR,1.0397869321763697
1.0,AVBR,AVG,1.0246693250392935
1.0,AVBR,SMBDR,0.853807737149885
1.0,AVBR,RMGL,1.1363751102297353
1.0,AVBR,AVAR,0.2947748062398405
1.0,AVBR,VC03,0.8613768272917521
1.0,AVBR,HSNL,1.8847894325388685
1.0,AVBR,HSNR,0.807119653493167
1.0,AVBR,DVA,0.37879163751510797
1.0,AVBR,RIAL,1.1784708868772635
1.0,AVBR,SMDDL,1.5577007526495636
1.0,AVBR,SMDVR,1.1766063679713283
1.0,AVBR,AVAL,0.2630226855997307
1.0,AVBR,PVCL,0.28388637603969896
1.0,AVBR,SMBVL,1.3583619265767315
1.0,AVBR,RMGR,1.1658753261269656
1.0,AVBR,PVNR,1.021551286626809
1.0,AVBR,SMBVR,0.6874239716001105
1.0,AVBR,RMDL,1.6183717435924145
1.0,AVBR,RIH,1.6365302908784762
1.0,AVBR,PVNL,1.2960206938844112
1.0,AVBR,PVR,0.49849628715139693
1.0,AVBR,SMDVL,0.7316000562511288
1.0,AVBL,SMDDR,1.4804355313692645
1.0,AVBL,AVFL,1.1565553080203481
1.0,AVBL,CEPDL,1.5847341327889342
1.0,AVBL,URADL,1.2842580293116796
1.0,AVBL,PVCR,0.10309864140222526
1.0,AVBL,ADEL,2.526008130578655
1.0,AVBL,RIAR,1.0834864835204039
1.0,AVBL,AVDR,0.9416939600973788
1.0,AVBL,AVG,0.9265763529603026
1.0,AVBL,SMBDR,0.755714765070894
1.0,AVBL,RMGL,1.0382821381507443
1.0,AVBL,AVAR,0.19936968458652812
1.0,AVBL,VC03,0.7632838552127611
1.0,AVBL,HSNL,1.7893843108855563
1.0,AVBL,HSNR,0.9052126255721581
1.0,AVBL,DVA,0.28069866543611693
1.0,AVBL,RIAL,1.124528054907737
1.0,AVBL,SMDDL,1.4622956309962512
1.0,AVBL,SMDVR,1.0812012463180158
1.0,AVBL,AVAL,0.18118174109261295
1.0,AVBL,PVCL,0.18579340396070793
1.0,AVBL,SMBVL,1.2602689544977403
1.0,AVBL,RMGR,1.095226781371998
1.0,AVBL,PVNR,0.9234583145478181
1.0,AVBL,SMBVR,0.5893309995211193
1.0,AVBL,RMDL,1.564428911622888
1.0,AVBL,RIH,1.5384373187994853
1.0,AVBL,PVNL,1.2141797493772934
1.0,AVBL,PVR,0.4004033150724059
1.0,AVBL,SMDVL,0.6335070841721377
1.0,AVER,SMDDR,1.6813999546039156
1.0,AVER,AVFL,0.7967153679880519
1.0,AVER,CEPDL,1.3685573056235407
1.0,AVER,URADL,2.0237413055043088
1.0,AVER,PVCR,0.8531640301079402
1.0,AVER,ADEL,2.4122383877009446
1.0,AVER,RIAR,0.5225687089711202
1.0,AVER,AVDR,0.6914016885758039
1.0,AVER,AVG,1.4445553102855389
1.0,AVER,SMBDR,1.079186411616491
1.0,AVER,RMGL,1.1406739082804094
1.0,AVER,AVAR,0.7564756937453534
1.0,AVER,VC03,1.7191292335446426
1.0,AVER,HSNL,1.4766135279152355
1.0,AVER,HSNR,1.858370153478361
1.0,AVER,DVA,0.9434309209741943
1.0,AVER,RIAL,1.8757217888647664
1.0,AVER,SMDDL,1.6632600542309022
1.0,AVER,SMDVR,1.6383072554768412
1.0,AVER,AVAL,0.9323754750496425
1.0,AVER,PVCL,0.8771147827912336
1.0,AVER,SMBVL,1.3251113444762908
1.0,AVER,RMGR,0.1718324562886693
1.0,AVER,PVNR,1.3939122168914098
1.0,AVER,SMBVR,1.0666598536873455
1.0,AVER,RMDL,2.094916513305978
1.0,AVER,RIH,1.4713865268616766
1.0,AVER,PVNL,1.6021630968265341
1.0,AVER,PVR,1.1398865912650349
1.0,AVER,SMDVL,0.7358988543018029
1.0,AVDL,SMDDR,1.323445966544851
1.0,AVDL,AVFL,0.9254384097465342
1.0,AVDL,CEPDL,1.485069010787181
1.0,AVDL,URADL,1.4468407142290636
1.0,AVDL,PVCR,0.2656813263196091
1.0,AVDL,ADEL,2.6799082106545127
1.0,AVDL,RIAR,0.9641744505519084
1.0,AVDL,AVDR,0.6642848596580692
1.0,AVDL,AVG,0.9237695127607211
1.0,AVDL,SMBDR,0.5245978667970801
1.0,AVDL,RMGL,1.1391832229052141
1.0,AVDL,AVAR,0.19464452296174584
1.0,AVDL,VC03,1.0766802473669228
1.0,AVDL,HSNL,1.7846591492607737
1.0,AVDL,HSNR,1.215425104855428
1.0,AVDL,DVA,0.3815997501905868
1.0,AVDL,RIAL,1.101138598057583
1.0,AVDL,SMDDL,1.3415858669178644
1.0,AVDL,SMDVR,1.0764760846932337
1.0,AVDL,AVAL,0.157792284242459
1.0,AVDL,PVCL,0.18298656376112643
1.0,AVDL,SMBVL,1.0291520562239265
1.0,AVDL,RMGR,1.1229526729957686
1.0,AVDL,PVNR,0.8896743400143479
1.0,AVDL,SMBVR,0.6576932700820941
1.0,AVDL,RMDL,1.541039454772734
1.0,AVDL,RIH,1.2369304147003557
1.0,AVDL,PVNL,1.1907902925271396
1.0,AVDL,PVR,0.5629859999897897
1.0,AVDL,SMDVL,0.7344081689266075
1.0,RIAL,SMDDR,1.5185817333198368
1.0,RIAL,AVFL,2.026577007804117
1.0,RIAL,CEPDL,0.8148104015544215
1.0,RIAL,URADL,1.6500025979878208
1.0,RIAL,PVCR,1.1029398701204824
1.0,RIAL,ADEL,2.31582714497886
1.0,RIAL,RIAR,1.9332750820427111
1.0,RIAL,AVDR,1.7637266987480302
1.0,RIAL,AVG,1.7614784767942173
1.0,RIAL,SMBDR,1.536742942317319
1.0,RIAL,RMGL,1.741170002711684
1.0,RIAL,AVAR,1.127468523432485
1.0,RIAL,VC03,1.8878119101204982
1.0,RIAL,HSNL,2.0280990042052287
1.0,RIAL,HSNR,1.7816290607863396
1.0,RIAL,DVA,1.2923281815881138
1.0,RIAL,RIAL,0.0
1.0,RIAL,SMDDL,1.5223622346689116
1.0,RIAL,SMDVR,0.5423153643015268
1.0,RIAL,AVAL,0.943346313815124
1.0,RIAL,PVCL,1.0206955277946226
1.0,RIAL,SMBVL,2.0612225577005274
1.0,RIAL,RMGR,1.9267065796064995
1.0,RIAL,PVNR,1.9908129380719308
1.0,RIAL,SMBVR,1.4954022341155904
1.0,RIAL,RMDL,0.43990085671515095
1.0,RIAL,RIH,2.083896113264876
1.0,RIAL,PVNL,1.9763443220998047
1.0,RIAL,PVR,1.400244543790663
1.0,RIAL,SMDVL,1.3363949487330775
